{
  "item.boomerang.swish": {
    "sounds": [
      {
        "name": "tcc:item/boomerang",
        "stream": true
      }
    ],
    "subtitle": "subtitles.tcc.item.boomerang.swish",
    "category": "master"
  },
  "item.boomerang.bounce": {
    "sounds": [
      {
        "name": "minecraft:dig/wood1",
        "pitch": 1.2
      },
      {
        "name": "minecraft:dig/wood2",
        "pitch": 1.2
      },
      {
        "name": "minecraft:dig/wood3",
        "pitch": 1.2
      },
      {
        "name": "minecraft:dig/wood4",
        "pitch": 1.2
      }
    ],
    "subtitle": "subtitles.tcc.item.boomerang.bounce"
  },
  "item.boomerang.break": {
    "sounds": [
      {
        "name": "entity/armorstand/break1",
        "pitch": 1.2
      }
    ],
    "subtitle": "subtitles.tcc.item.boomerang.break"
  },
  "item.boomerang.throw": {
    "sounds": [
      {
        "name": "entity/witch/throw1",
        "pitch": 1,
        "volume": 0.5
      },
      {
        "name": "entity/witch/throw2",
        "pitch": 0.8,
        "volume": 0.5
      }
    ],
    "subtitle": "subtitles.tcc.item.boomerang.throw"
  },
  "item.molten_mirror.use": {
    "sounds": [
      "tcc:item/molten_mirror"
    ],
    "subtitle": "subtitles.tcc.item.molten_mirror.use"
  },
  "item.smoldering_seeker.use": {
    "sounds": [
      "tcc:item/smoldering_seeker"
    ],
    "subtitle": "subtitles.tcc.item.smoldering_seeker.use"
  },
  "item.weeping_eye.use": {
    "sounds": [
      "tcc:item/weeping_eye"
    ],
    "subtitle": "subtitles.tcc.item.weeping_eye.use"
  },
  "item.armor.equip_witch_hat": {
    "sounds": [
      "item/armor/equip_leather1",
      "item/armor/equip_leather2",
      "item/armor/equip_leather3",
      "item/armor/equip_leather4",
      "item/armor/equip_leather5",
      "item/armor/equip_leather6"
    ],
    "subtitle": "subtitles.tcc.item.armor.equip_witch_hat"
  },
  "item.wrench.rotate_block": {
    "sounds": [
      "tcc:item/wrench1",
      "tcc:item/wrench2",
      "tcc:item/wrench3",
      "tcc:item/wrench4"
    ],
    "subtitle": "subtitles.tcc.item.wrench.rotate_block"
  },
  "item.wrench.pose_armor_stand": {
    "sounds": [
      "tcc:item/wrench1",
      "tcc:item/wrench2",
      "tcc:item/wrench3",
      "tcc:item/wrench4"
    ],
    "subtitle": "subtitles.tcc.item.wrench.pose_armor_stand"
  },
  "item.armor.equip_cursed_crown": {
    "sounds": [
      "item/armor/equip_gold1",
      "item/armor/equip_gold2",
      "item/armor/equip_gold3",
      "item/armor/equip_gold4",
      "item/armor/equip_gold5",
      "item/armor/equip_gold6"
    ],
    "subtitle": "subtitles.tcc.item.armor.equip_cursed_crown"
  },
  "item.locket_of_learning.deposit": {
    "sounds": [
      "tcc:item/locket_deposit1",
      "tcc:item/locket_deposit2",
      "tcc:item/locket_deposit3",
      "tcc:item/locket_deposit4"
    ],
    "subtitle": "subtitles.tcc.item.locket_of_learning.deposit"
  },
  "item.paintbrush.paint": {
    "sounds": [
      "tcc:item/paintbrush1",
      "tcc:item/paintbrush2",
      "tcc:item/paintbrush3",
      "tcc:item/paintbrush4",
      "tcc:item/paintbrush5"
    ],
    "subtitle": "subtitles.tcc.item.paintbrush.paint"
  },
  "item.tangling_pearl.activate": {
    "sounds": [
      "tcc:item/tangling_pearl_activate"
    ],
    "subtitle": "subtitles.tcc.item.tangling_pearl.activate"
  },
  "item.tangling_pearl.deactivate": {
    "sounds": [
      "tcc:item/tangling_pearl_deactivate"
    ],
    "subtitle": "subtitles.tcc.item.tangling_pearl.deactivate"
  },
  "block.positional_anchor.fill": {
    "sounds": [
      "tcc:block/positional_anchor_fill"
    ],
    "subtitle": "subtitles.tcc.block.positional_anchor.fill"
  },
  "block.positional_anchor.fire": {
    "sounds": [
      "tcc:block/positional_anchor_fire"
    ],
    "subtitle": "subtitles.tcc.block.positional_anchor.fire"
  },
  "block.nether_reactor.activate": {
    "sounds": [
      "tcc:block/nether_reactor_activate1",
      "tcc:block/nether_reactor_activate2",
      "tcc:block/nether_reactor_activate3"
    ],
    "subtitle": "subtitles.tcc.block.nether_reactor.activate"
  },
  "block.nether_reactor.burn_out": {
    "sounds": [
      "random/fizz"
    ],
    "subtitle": "subtitles.tcc.block.nether_reactor.burn_out"
  },
  "block.explosive_geomancer_pillar.explode": {
    "sounds": [
      "random/explode1",
      "random/explode2",
      "random/explode3",
      "random/explode4"
    ],
    "subtitle": "subtitles.tcc.block.explosive_geomancer_pillar.explode"
  },
  "block.explosive_geomancer_pillar.hiss": {
    "sounds": [
      "random/fuse"
    ],
    "subtitle": "subtitles.tcc.block.explosive_geomancer_pillar.hiss"
  },
  "block.soul_seer.emanate": {
    "sounds": [
      "tcc:block/soul_seer_emanate"
    ],
    "subtitle": "subtitles.tcc.block.soul_seer.emanate"
  },
  "block.teapot.insert_item": {
    "sounds": [
      "tcc:block/plop1",
      "tcc:block/plop2"
    ],
    "subtitle": "subtitles.tcc.block.teapot.insert_item"
  },
  "block.teapot.brew": {
    "sounds": [
      "block/brewing_stand/brew1",
      "block/brewing_stand/brew2"
    ],
    "subtitle": "subtitles.tcc.block.teapot.brew"
  },
  "block.gobblerift.place": {
    "sounds": [
      "tcc:block/gobblerift/place1",
      "tcc:block/gobblerift/place2",
      "tcc:block/gobblerift/place3"
    ],
    "subtitle": "subtitles.block.generic.place"
  },
  "block.gobblerift.break": {
    "sounds": [
      "tcc:block/gobblerift/break1",
      "tcc:block/gobblerift/break2",
      "tcc:block/gobblerift/break3"
    ],
    "subtitle": "subtitles.block.generic.break"
  },
  "block.gobblerift.hungry": {
    "sounds": [
      "tcc:block/gobblerift/stomach1",
      "tcc:block/gobblerift/stomach2",
      "tcc:block/gobblerift/stomach3"
    ],
    "subtitle": "subtitles.tcc.block.gobblerift.hungry"
  },
  "block.gobblerift.swallow": {
    "sounds": [
      "tcc:block/gobblerift/devour1",
      "tcc:block/gobblerift/devour2",
      "tcc:block/gobblerift/devour3"
    ],
    "subtitle": "subtitles.tcc.block.gobblerift.swallow"
  },
  "block.gobblerift.swallow_favorite": {
    "sounds": [
      "tcc:block/gobblerift/devour_favorite1",
      "tcc:block/gobblerift/devour_favorite2"
    ],
    "subtitle": "subtitles.tcc.block.gobblerift.swallow_favorite"
  },
  "block.gobblerift.fill_bottle": {
    "sounds": [
      "tcc:block/gobblerift/fill_bottle1",
      "tcc:block/gobblerift/fill_bottle2"
    ],
    "subtitle": "subtitles.tcc.block.gobblerift.fill_bottle"
  },
  "block.gobblerift.teleport_player": {
    "sounds": [
      "tcc:block/gobblerift/spitleport1",
      "tcc:block/gobblerift/spitleport2",
      "tcc:block/gobblerift/spitleport3"
    ],
    "subtitle": "subtitles.tcc.block.gobblerift.teleport_player"
  },
  "block.gobblerift.teleport_player_fail": {
    "sounds": [
      "tcc:block/gobblerift/spitleport_fail"
    ],
    "subtitle": "subtitles.tcc.block.gobblerift.teleport_player_fail"
  },
  "block.gobblerift.hurt": {
    "sounds": [
      "tcc:block/gobblerift/hurt1",
      "tcc:block/gobblerift/hurt2",
      "tcc:block/gobblerift/hurt3",
      "tcc:block/gobblerift/hurt4"
    ],
    "subtitle": "subtitles.tcc.block.gobblerift.hurt"
  },
  "block.gobblerift.digest": {
    "sounds": [
      "tcc:block/gobblerift/digesting1",
      "tcc:block/gobblerift/digesting2",
      "tcc:block/gobblerift/digesting3",
      "tcc:block/gobblerift/digesting4"
    ],
    "subtitle": "subtitles.tcc.block.gobblerift.digest"
  },
  "entity.enchanter.ambient": {
    "sounds": [
      "tcc:mob/enchanter/idle1",
      "tcc:mob/enchanter/idle2",
      "tcc:mob/enchanter/idle3"
    ],
    "subtitle": "subtitles.tcc.entity.enchanter.ambient"
  },
  "entity.enchanter.death": {
    "sounds": [
      "tcc:mob/enchanter/death1",
      "tcc:mob/enchanter/death2",
      "tcc:mob/enchanter/death3"
    ],
    "subtitle": "subtitles.tcc.entity.enchanter.death"
  },
  "entity.enchanter.hurt": {
    "sounds": [
      "tcc:mob/enchanter/hurt1",
      "tcc:mob/enchanter/hurt2",
      "tcc:mob/enchanter/hurt3"
    ],
    "subtitle": "subtitles.tcc.entity.enchanter.hurt"
  },
  "entity.enchanter.spell": {
    "sounds": [
      "tcc:mob/enchanter/spell1",
      "tcc:mob/enchanter/spell2"
    ],
    "subtitle": "subtitles.tcc.entity.enchanter.spell"
  },
  "entity.iceologer.ambient": {
    "sounds": [
      "tcc:mob/iceologer/idle1",
      "tcc:mob/iceologer/idle2",
      "tcc:mob/iceologer/idle3"
    ],
    "subtitle": "subtitles.tcc.entity.iceologer.ambient"
  },
  "entity.iceologer.death": {
    "sounds": [
      "tcc:mob/iceologer/death1",
      "tcc:mob/iceologer/death2",
      "tcc:mob/iceologer/death3"
    ],
    "subtitle": "subtitles.tcc.entity.iceologer.death"
  },
  "entity.iceologer.hurt": {
    "sounds": [
      "tcc:mob/iceologer/hurt1",
      "tcc:mob/iceologer/hurt2",
      "tcc:mob/iceologer/hurt3"
    ],
    "subtitle": "subtitles.tcc.entity.iceologer.hurt"
  },
  "entity.iceologer.attack": {
    "sounds": [
      "tcc:mob/iceologer/attack1",
      "tcc:mob/iceologer/attack2",
      "tcc:mob/iceologer/attack3"
    ],
    "subtitle": "subtitles.tcc.entity.iceologer.attack"
  },
  "entity.iceologer.cast_spell": {
    "sounds": [
      "tcc:mob/iceologer/cast1",
      "tcc:mob/iceologer/cast2",
      "tcc:mob/iceologer/cast3"
    ],
    "subtitle": "subtitles.tcc.entity.iceologer.cast_spell"
  },
  "entity.iceologer.ice_hit": {
    "sounds": [
      "tcc:mob/iceologer/ice_hit1",
      "tcc:mob/iceologer/ice_hit2"
    ],
    "volume": 0.5,
    "subtitle": "subtitles.tcc.entity.iceologer.ice_hit"
  },
  "entity.geomancer.ambient": {
    "sounds": [
      "tcc:mob/geomancer/idle1",
      "tcc:mob/geomancer/idle2",
      "tcc:mob/geomancer/idle3",
      "tcc:mob/geomancer/idle4",
      "tcc:mob/geomancer/idle5",
      "tcc:mob/geomancer/idle6"
    ],
    "subtitle": "subtitles.tcc.entity.geomancer.ambient"
  },
  "entity.geomancer.death": {
    "sounds": [
      "tcc:mob/geomancer/death1",
      "tcc:mob/geomancer/death2",
      "tcc:mob/geomancer/death3"
    ],
    "subtitle": "subtitles.tcc.entity.geomancer.death"
  },
  "entity.geomancer.hurt": {
    "sounds": [
      "tcc:mob/geomancer/hurt1",
      "tcc:mob/geomancer/hurt2",
      "tcc:mob/geomancer/hurt3",
      "tcc:mob/geomancer/hurt4"
    ],
    "subtitle": "subtitles.tcc.entity.geomancer.hurt"
  },
  "entity.geomancer.attack": {
    "sounds": [
      "tcc:mob/geomancer/attack1",
      "tcc:mob/geomancer/attack2"
    ],
    "subtitle": "subtitles.tcc.entity.geomancer.attack"
  },
  "entity.geomancer.pre_attack": {
    "sounds": [
      "tcc:mob/geomancer/pre_attack1",
      "tcc:mob/geomancer/pre_attack2"
    ],
    "subtitle": "subtitles.tcc.entity.geomancer.pre_attack"
  },
  "entity.geomancer.cast_spell": {
    "sounds": [
      "mob/evocation_illager/cast1",
      "mob/evocation_illager/cast2"
    ],
    "subtitle": "subtitles.tcc.entity.geomancer.cast_spell"
  },
  "block.amethyst_cluster_corrupt": {
    "sounds": [
      "tcc:block/amethyst_cluster_corrupt"
    ],
    "subtitle": "subtitles.tcc.block.amethyst_cluster_corrupt"
  },
  "entity.snail.hurt": {
    "sounds": [
      "tcc:mob/snail/hurt1",
      "tcc:mob/snail/hurt2",
      "tcc:mob/snail/hurt3"
    ],
    "subtitle": "subtitles.tcc.entity.snail.hurt"
  },
  "entity.snail.feed": {
    "sounds": [
      "tcc:mob/snail/chew1",
      "tcc:mob/snail/chew2",
      "tcc:mob/snail/chew3"
    ],
    "subtitle": "subtitles.tcc.entity.snail.feed"
  },
  "entity.snail.bucket": {
    "sounds": [
      "tcc:mob/snail/bucket1",
      "tcc:mob/snail/bucket2",
      "tcc:mob/snail/bucket3"
    ],
    "subtitle": "subtitles.tcc.entity.snail.bucket"
  },
  "entity.snail.unbucket": {
    "sounds": [
      "tcc:mob/snail/unbucket1",
      "tcc:mob/snail/unbucket2",
      "tcc:mob/snail/unbucket3"
    ],
    "subtitle": "subtitles.item.bucket.empty"
  },
  "entity.snail.gary_meow": {
    "sounds": [
      "mob/cat/meow2",
      "mob/cat/meow3"
    ],
    "subtitle": "subtitles.tcc.entity.snail.gary_meow"
  },
  "block.soul_conductor.transport_player": {
    "sounds": [
      "tcc:block/soul_conductor_use"
    ],
    "subtitle": "subtitles.tcc.block.soul_conductor.transport_player"
  },
  "block.soul_conductor.transport_player_fail": {
    "sounds": [
      "tcc:block/soul_conductor_fail"
    ],
    "subtitle": "subtitles.tcc.block.soul_conductor.transport_player_fail"
  },
  "entity.wandering_witch.ambient": {
    "sounds": [
      "tcc:mob/wandering_witch/idle1",
      "tcc:mob/wandering_witch/idle2",
      "tcc:mob/wandering_witch/idle3",
      "tcc:mob/wandering_witch/idle4"
    ],
    "subtitle": "subtitles.tcc.entity.wandering_witch.ambient"
  },
  "entity.wandering_witch.death": {
    "sounds": [
      "tcc:mob/wandering_witch/death1",
      "tcc:mob/wandering_witch/death2",
      "tcc:mob/wandering_witch/death3"
    ],
    "subtitle": "subtitles.tcc.entity.wandering_witch.death"
  },
  "entity.wandering_witch.hurt": {
    "sounds": [
      "tcc:mob/wandering_witch/hurt1",
      "tcc:mob/wandering_witch/hurt2",
      "tcc:mob/wandering_witch/hurt3"
    ],
    "subtitle": "subtitles.tcc.entity.wandering_witch.hurt"
  }
}
